,,Random Probings,Max Variance,Max Variance Gradient
flat,lam,0.0290228857772,0.034195653725,0.0213410817415
,text,0.000288471175697,0.000269026888593,0.000282240785811
,spec,0.0607058903951,0.0627122122334,0.0636430820252
,st,0.0612468232263,0.0683166528974,0.0680460532179
S,lam,0.0561873797697,0.0613444258155,0.059820474283
,text,0.00413073251384,0.00435217267297,0.00344408337443
,spec,0.0545556012083,0.0581889737816,0.0551976400628
,st,0.0679076566707,0.0690439625018,0.0624533105722
