,,random,maxVar,UCB_dGPIS2
flat,lam,0.00826887600685,0.00782624970758,0.0140371275623
,text,0.0,0.0,0.0
,spec,0.0,0.0,0.0
,st,0.0,0.0,0.0
S,lam,0.0287583648712,0.00263710607092,0.0
,text,0.0,0.0,0.0
,spec,0.0,0.0,0.0
,st,0.0,0.0,0.0
