,,Random Probings,Max Acquisition
flat,lam,316475.566791,342519.447898,281750.228036
,text,2774.8501786,2767.34633365,2840.08987148
,spec,612408.844759,625037.558061,624464.471609
,st,631375.578638,689268.363549,678959.554861
S,lam,573963.996863,600493.375186,580974.474666
,text,43118.5016007,40520.0032807,34483.3531256
,spec,583392.061817,579362.111742,552931.780886
,st,639104.192712,686087.74682,618299.001792
